Workbook

Sheet Summary
A1: Module | B1: Total | C1: Open | D1: In Progress | E1: Ready for Retest | F1: Reopened | G1: Closed | H1: Won't Fix | I1: Needs Decision | J1: Critical | K1: High | L1: Medium | M1: Low
A2: Login (mobile sign-in) | B2: =COUNTA('Login'!$D$2:$D$202) -> 4 | C2: =COUNTIF('Login'!$L$2:$L$202,"Open") -> 2 | D2: =COUNTIF('Login'!$L$2:$L$202,"In Progress") -> 0 | E2: =COUNTIF('Login'!$L$2:$L$202,"Ready for Retest") -> 0 | F2: =COUNTIF('Login'!$L$2:$L$202,"Reopened") -> 0 | G2: =COUNTIF('Login'!$L$2:$L$202,"Closed") -> 0 | H2: =COUNTIF('Login'!$L$2:$L$202,"Won't Fix") -> 0 | I2: =COUNTIF('Login'!$L$2:$L$202,"Needs Decision") -> 2 | J2: =COUNTIF('Login'!$J$2:$J$202,"Critical") -> 0 | K2: =COUNTIF('Login'!$J$2:$J$202,"High") -> 0 | L2: =COUNTIF('Login'!$J$2:$J$202,"Medium") -> 1 | M2: =COUNTIF('Login'!$J$2:$J$202,"Low") -> 3
A3: Campaigns (WhatsApp) | B3: =COUNTA('Campaigns'!$D$2:$D$202) -> 3 | C3: =COUNTIF('Campaigns'!$L$2:$L$202,"Open") -> 1 | D3: =COUNTIF('Campaigns'!$L$2:$L$202,"In Progress") -> 0 | E3: =COUNTIF('Campaigns'!$L$2:$L$202,"Ready for Retest") -> 0 | F3: =COUNTIF('Campaigns'!$L$2:$L$202,"Reopened") -> 0 | G3: =COUNTIF('Campaigns'!$L$2:$L$202,"Closed") -> 0 | H3: =COUNTIF('Campaigns'!$L$2:$L$202,"Won't Fix") -> 0 | I3: =COUNTIF('Campaigns'!$L$2:$L$202,"Needs Decision") -> 2 | J3: =COUNTIF('Campaigns'!$J$2:$J$202,"Critical") -> 0 | K3: =COUNTIF('Campaigns'!$J$2:$J$202,"High") -> 0 | L3: =COUNTIF('Campaigns'!$J$2:$J$202,"Medium") -> 0 | M3: =COUNTIF('Campaigns'!$J$2:$J$202,"Low") -> 3
A4: Broadcasts (WhatsApp) | B4: =COUNTA('Broadcasts'!$D$2:$D$202) -> 2 | C4: =COUNTIF('Broadcasts'!$L$2:$L$202,"Open") -> 1 | D4: =COUNTIF('Broadcasts'!$L$2:$L$202,"In Progress") -> 0 | E4: =COUNTIF('Broadcasts'!$L$2:$L$202,"Ready for Retest") -> 0 | F4: =COUNTIF('Broadcasts'!$L$2:$L$202,"Reopened") -> 0 | G4: =COUNTIF('Broadcasts'!$L$2:$L$202,"Closed") -> 0 | H4: =COUNTIF('Broadcasts'!$L$2:$L$202,"Won't Fix") -> 0 | I4: =COUNTIF('Broadcasts'!$L$2:$L$202,"Needs Decision") -> 1 | J4: =COUNTIF('Broadcasts'!$J$2:$J$202,"Critical") -> 0 | K4: =COUNTIF('Broadcasts'!$J$2:$J$202,"High") -> 0 | L4: =COUNTIF('Broadcasts'!$J$2:$J$202,"Medium") -> 1 | M4: =COUNTIF('Broadcasts'!$J$2:$J$202,"Low") -> 1
A5: Total | B5: =SUM(B2:B4) -> 9 | C5: =SUM(C2:C4) -> 4 | D5: =SUM(D2:D4) -> 0 | E5: =SUM(E2:E4) -> 0 | F5: =SUM(F2:F4) -> 0 | G5: =SUM(G2:G4) -> 0 | H5: =SUM(H2:H4) -> 0 | I5: =SUM(I2:I4) -> 5 | ... M5: =SUM(M2:M4) -> 7
A7: Failures to triage (no linked defect): 9. Status and columns O-U are kept between updates; a defect with a guard test moves to "Ready for Retest" or "Reopened" automatically (see tools\excel\update-workbooks.js).

Sheet Login
A1: No# | B1: Module/Screen / Extension | C1: Section / Category | D1: Task / Bugs / Enhacement | E1: Steps to Reproduce (If required) | F1: Expected Result | G1: Actual Result | H1: Date | I1: Issue Type | J1: Severity | K1: Priority | L1: Status | M1: Test Environment | N1: Screenshot/Video | O1: Reopen SS/Video & Description | P1: Assigned To | Q1: Closed / Resolved by | R1: Requested by | S1: QA Comment | T1: Developer / Designer Comment | U1: Closed Date
A2: 1 | B2: Login (mobile sign-in) | C2: Validation | D2: MLGN-D01 - Sign-in request is sent even though the email failed the app's own format check | E2: 1. Launch the app (signed out). 2. Email: not-an-email 3. Password: Secret123 4. Tap "Sign in". | F2: Only the inline error "Enter a full email, like you@company.com." is shown and no request is made, the same way empty fields are blocked (MLGN-008). | G2: The inline error is shown, but the form is submitted anyway: the button changes to "Signing in..." and the server then answers with a second banner, "Invalid email". The user sees two messages for one problem, and the backend receives a request the client already knew was invalid. Also seen with the SQL-injection input (MLGN-013). | H2: 46324.524 | I2: Bug | J2: Low | K2: P4 - Low | L2: Open | M2: Beta backend: accountsbeta.saleshiker.com; see QA comment | S2: Automated test: MLGN-012 (test/specs/regression/login-validation.spec.ts). Reproduced on Android 15 (API 35) and Android 17 (API 37) emulators. The test is left failing on purpose until this is fixed.
A3: 2 | B3: Login (mobile sign-in) | C3: Validation | D3: MLGN-D02 - No client-side length check on the email field | E3: 1. Launch the app (signed out). 2. Email: 250 x "a" + "@example.com" 3. Password: Secret123 4. Tap "Sign in". | F3: The app rejects an address whose part before "@" exceeds 64 characters (RFC 5321) before sending it, or caps the field length. | G3: The full value is accepted and sent; the server replies "Email or password is wrong.". No crash, and the generic message is acceptable, but invalid input still reaches the backend. | H3: 46324.524 | I3: Observation | J3: Low | K3: P4 - Low | L3: Needs Decision | M3: Beta backend: accountsbeta.saleshiker.com; see QA comment | S3: Automated test: MLGN-015 passes (it checks that the app copes safely). Product to decide whether a client-side limit is wanted.
A4: 3 | B4: Login (mobile sign-in) | C4: Testability | D4: MLGN-D03 - Sign-in controls have no testID / resource-id | E4: 1. Open the sign-in screen. 2. Inspect the view hierarchy (Appium page source, or adb shell uiautomator dump). | F4: Inputs, buttons and links expose stable ids (React Native testID), e.g. login-email, login-password, login-submit. | G4: No app resource-ids exist. Automation has to use accessibility labels, which change with copy or localisation. | H4: 46324.524 | I4: Enhancement | J4: Low | K4: P4 - Low | L4: Open | M4: Beta backend: accountsbeta.saleshiker.com; see QA comment | N4: Hierarchy dump: reports/*-evidence-*/hierarchy.csv (no com.saleshiker.app:id/* except action_bar_root) | S4: Not a functional defect. Once ids are added, only the selectors in src/pages/*.ts need updating.
A5: 4 | B5: Login (mobile sign-in) | C5: Stability | D5: MLGN-D04 - Native crash (SIGSEGV in RenderThread) seen once on an unstable emulator | E5: Seen once on 2026-10-29 13:48 on the Android 17 (API 37) Google Play emulator while its SystemUI was crash-looping. No reliable steps yet. | F5: The app does not crash. | G5: logcat: "Fatal signal 11 (SIGSEGV), code 1 (SEGV_MAPERR), fault addr 0x4 in tid RenderThread (.saleshiker.app)". | H5: 46324.524 | I5: Observation | J5: Medium | K5: P3 - Medium | L5: Needs Decision | M5: Beta backend: accountsbeta.saleshiker.com; see QA comment | N5: docs/DEFECT_TRACKER.md (OBS-002); device crash buffer of the API 37 emulator | S5: Not reproduced on the healthy Android 15 emulator in any login run (0 crashes). Not attributed to the app yet: the device itself was failing. Every run saves logcat.crash.txt, so watch for a repeat.

Sheet Campaigns
A1: No# | B1: Module/Screen / Extension | C1: Section / Category | D1: Task / Bugs / Enhacement | E1: Steps to Reproduce (If required) | F1: Expected Result | G1: Actual Result | H1: Date | I1: Issue Type | J1: Severity | K1: Priority | L1: Status | M1: Test Environment | N1: Screenshot/Video | O1: Reopen SS/Video & Description | P1: Assigned To | Q1: Closed / Resolved by | R1: Requested by | S1: QA Comment | T1: Developer / Designer Comment | U1: Closed Date
A2: 1 | B2: Campaigns (WhatsApp) | C2: Data consistency | D2: MCMP-D01 - Recipient shown as "Replied" while the campaign reports 0 delivered and 0 read | E2: 1. More > Campaigns. 2. Open a campaign with "1 sent" (seen on one Retarget and one Drip campaign, both started 19 Aug). 3. Compare the DELIVERY tiles with RECENT RECIPIENTS. | F2: A recipient who replied has received and read the message, so Delivered and Read are at least 1 (100%). | G2: DELIVERY: Sent 1, Delivered 0 (0%), Read 0 (0%), Failed 0 (0%). RECENT RECIPIENTS lists the only recipient with status "Replied". The same on both campaigns. | H2: 46325.474 | I2: Observation | J2: Low | K2: P3 - Medium | L2: Needs Decision | M2: Beta backend: accountsbeta.saleshiker.com; DQCI7XBU5LXWB6KZ (RMX3997, Android 16); app com.saleshiker.app 1.0.0 | N2: Screenshot: screenshot.png Screenshot: MCMP-019_1.png | S2: Seen on 2 campaigns, re-checked twice. Possible cause: delivery/read status callbacks from WhatsApp are not recorded on the beta backend (the sender is a test number), while the reply is. Needs a backend check before it is called an app bug. Automated test MCMP-019 (test/specs/regression/campaign-detail.spec.ts) fails while this persists. Last automated check: 30-Oct-2026 MCMP-019 FAIL (run 20261030-171502-full) - still reproduces.
A3: 2 | B3: Campaigns (WhatsApp) | C3: Search | D3: MCMP-D02 - Campaign search ignores type and status although the empty state says to search by them | E3: 1. More > Campaigns. 2. Search "paused" (4 paused campaigns exist), then "active" (2 exist). 3. Search "drip" (5 Drip campaigns exist). | F3: The empty state says "Try another name, type or status.", so "paused" lists the 4 paused campaigns, "active" the 2 active ones and "drip" all 5 Drip campaigns. Alternatively, the hint names only what search supports. | G3: "paused", "Paused" and "active" show "No campaigns found". "drip" lists 1 campaign: the one with "drip" in its name. Search matches names only. | H3: 46325.474 | I3: Bug | J3: Low | K3: P4 - Low | L3: Open | M3: Beta backend: accountsbeta.saleshiker.com; DQCI7XBU5LXWB6KZ (RMX3997, Android 16); app com.saleshiker.app 1.0.0 | N3: Screenshot: screenshot.png Screenshot: MCMP-012_search_Active.png Screenshot: MCMP-012_search_Drip.png | S3: Reproduced with 4 search terms. Filters by type/status work through the chips (MCMP-004, MCMP-005). Fix either the search or the hint text. Automated test MCMP-012 (test/specs/regression/campaigns-search.spec.ts) fails while this persists. Last automated check: 30-Oct-2026 MCMP-012 FAIL (run 20261030-173959-single-MCMP-012) - still reproduces.
A4: 3 | B4: Campaigns (WhatsApp) | C4: Usability | D4: MCMP-D03 - With the keyboard open, the first tap on "Clear Filters" only closes the keyboard | E4: 1. More > Campaigns. 2. Search for a name that does not exist (keyboard stays open). 3. Tap "Clear Filters" once. | F4: One tap clears the search and filters. | G4: The first tap only hides the keyboard; a second tap is needed. | H4: 46325.474 | I4: Observation | J4: Low | K4: P4 - Low | L4: Needs Decision | M4: Beta backend: accountsbeta.saleshiker.com; see QA comment | N4: Screenshot: MCMP-010_empty_state.png | S4: Typical React Native keyboardShouldPersistTaps default. The automated test closes the keyboard first so it checks the button itself. Product to decide.

Sheet Broadcasts
A1: No# | B1: Module/Screen / Extension | C1: Section / Category | D1: Task / Bugs / Enhacement | E1: Steps to Reproduce (If required) | F1: Expected Result | G1: Actual Result | H1: Date | I1: Issue Type | J1: Severity | K1: Priority | L1: Status | M1: Test Environment | N1: Screenshot/Video | O1: Reopen SS/Video & Description | P1: Assigned To | Q1: Closed / Resolved by | R1: Requested by | S1: QA Comment | T1: Developer / Designer Comment | U1: Closed Date
A2: 1 | B2: Broadcasts (WhatsApp) | C2: Send safety | D2: MBRD-D01 - For a Tags audience, neither the review nor the send confirmation says how many contacts will receive the broadcast | E2: 1. Broadcasts > New Broadcast. 2. Audience: Tags, add a tag. 3. Pick a template and go to Review. 4. Tap Send Broadcast. | F2: Before sending, the user sees how many contacts the tag reaches, as for the other audiences ("All contacts: 3,01,064 contacts", segment "3 contacts match.", review "Audience, 3 contacts"). | G2: Step 1 shows no count for tags. The review shows only "Audience, Tags: <tag>" and the confirmation only "Tags: <tag>. Sending starts now." The count appears only after sending (detail: "Tags: <tag>. 2 contacts"). Contacts search does not find contacts by tag either, so the reach cannot be checked on the phone at all. | H2: 46326.346 | I2: Bug | J2: Medium | K2: P2 - High | L2: Open | M2: Beta backend: accountsbeta.saleshiker.com; DQCI7XBU5LXWB6KZ (RMX3997, Android 16); app com.saleshiker.app 1.0.0 | N2: Screenshot: screenshot.png | S2: A common tag can reach thousands of contacts with no warning. Seen on every Tags review (3 times). Automated test MBRD-012 (test/specs/regression/broadcast-wizard.spec.ts) fails while this persists. The send test (MBRD-020) works around it by checking each allowlisted contact's tag first and the recipients afterwards. Last automated check: 31-Oct-2026 MBRD-012 FAIL (run 20261031-133943-full) - still reproduces.
A3: 2 | B3: Broadcasts (WhatsApp) | C3: Usability | D3: MBRD-D02 - Template search keeps the previous text, and typing after tapping the field inserts in the middle of it | E3: 1. New Broadcast > step 2 > open the template picker and search "call_phone_message". 2. Pick a template, then open the picker again. 3. Tap the search field and type. | F3: The picker opens with an empty search, or tapping puts the cursor at the end. | G3: The old text is still there and the cursor lands where the field was tapped, producing e.g. "call_phone_mescall_phone_messagesage" and "No templates found". | H3: 46326.346 | I3: Observation | J3: Low | K3: P4 - Low | L3: Needs Decision | M3: Beta backend: accountsbeta.saleshiker.com; see QA comment | N3: Screenshot: screenshot.png | S3: Seen once during exploration. The automated tests clear the field with its X before typing.

Sheet Failures to triage
A1: Test ID | B1: Module | C1: Test | D1: Failure | E1: Date | F1: Evidence | G1: Classification | H1: Notes
A2: MBRD-001 | B2: Broadcasts | C2: Broadcast list opens with status filters and New Broadcast starts the wizard | D2: Can't call getText on element with selector "android=new UiSelector().textMatches("[0-9,]+ broadcasts?")" because element wasn't found | E2: 46326.34 | F2: Screenshot | G2: To triage
A3: MBRD-002 | B3: Broadcasts | C3: Step 1 starts with no audience chosen and the first connected number as sender | D3: WebDriverError: java.util.ArrayList$ListItr cannot be cast to org.eclipse.wst.xml.xpath2.processor.internal.types.NodeType. Try changing the 'enforceXPath1' driver setting to 'true' in order to workaround the problem. when running "elements" with method "POST" | E3: 46326.34 | F3: Screenshot | G3: To triage
A4: MBRD-003 | B4: Broadcasts | C4: Step 1 blocks Next without a name or an audience | D4: tag error: expected false to equal true | E4: 46326.34 | F4: Screenshot | G4: To triage
A5: MBRD-005 | B5: Broadcasts | C5: Saved list and Segment pickers offer named audiences with their sizes | D5: waitUntil condition failed with the following reason: WebDriverError: java.util.ArrayList$ListItr cannot be cast to org.eclipse.wst.xml.xpath2.processor.internal.types.NodeType. Try changing the 'enforceXPath1' driver setting to 'true' in order to workaround the problem. when running "elements" with method "POST" | E5: 46326.34 | F5: Screenshot | G5: To triage
A6: MBRD-007 | B6: Broadcasts | C6: Template search is case-insensitive and reports no match | D6: element ("~Search templates") still not displayed after 15000ms | E6: 46326.34 | F6: Screenshot | G6: To triage
A7: MBRD-009 | B7: Broadcasts | C7: Review summarises the choices, defaults to Send now and asks before sending | D7: waitUntil condition failed with the following reason: WebDriverError: java.util.ArrayList$ListItr cannot be cast to org.eclipse.wst.xml.xpath2.processor.internal.types.NodeType. Try changing the 'enforceXPath1' driver setting to 'true' in order to workaround the problem. when running "elements" with method "POST" | E7: 46326.34 | F7: Screenshot | G7: To triage
A8: MBRD-010 | B8: Broadcasts | C8: Back keeps the entries of earlier steps | D8: element ("~Search templates") still not displayed after 15000ms | E8: 46326.34 | F8: Screenshot | G8: To triage
A9: MBRD-011 | B9: Broadcasts | C9: Closing asks to discard, Cancel keeps editing and Discard saves nothing | D9: Test skipped due to failure in hook ""before each" hook: wrappedHook for "MBRD-011 Closing asks to discard, Cancel keeps editing and Discard saves nothing"": HomePage not shown within 1000 ms | E9: 46326.34 | F9: 20261031-133943-full | G9: To triage
A10: MBRD-020 | B10: Broadcasts | C10: Create and send a broadcast to the allowlisted tag, then check its recipients | D10: waitUntil condition failed with the following reason: WebDriverError: java.util.ArrayList$ListItr cannot be cast to org.eclipse.wst.xml.xpath2.processor.internal.types.NodeType. Try changing the 'enforceXPath1' driver setting to 'true' in order to workaround the problem. when running "elements" with method "POST" | E10: 46326.34 | F10: Screenshot | G10: To triage
